{
  "makeup_lip_color": [
    0.3764705955982208,
    0.0,
    0.0,
    1.0
  ],
  "makeup_lip_color_v2": [
    0.3764705955982208,
    0.0,
    0.0,
    1.0
  ],
  "makeup_lip_color_mix_strength": 0.0,
  "makeup_lip_highlight_strength": 0.30000001192092896,
  "makeup_lip_highlight_enable": 1,
  "tex_lip_mask_zz": "HX1015-3-zz.png",
  "tex_lip_mask_bz": "HX1015-3.png",
  "lip_type": 7,
  "makeup_intensity_lip": 0.8500000238418579,
  "makeup_name": "Group_1_8",
  "blend_type_tex_eye": 1,
  "blend_type_tex_eye2": 0,
  "blend_type_tex_eye3": 0,
  "blend_type_tex_eye4": 0,
  "makeup_eye_color": [
    0.0,
    0.0,
    0.0,
    0.0
  ],
  "makeup_eye_color2": [
    0.47843137383461,
    0.24313725531101227,
    0.2235294133424759,
    1.0
  ],
  "makeup_eye_color3": [
    0.6941176652908325,
    0.3490196168422699,
    0.32156863808631897,
    1.0
  ],
  "makeup_eye_color4": [
    0.6784313917160034,
    0.34117648005485535,
    0.29411765933036804,
    1.0
  ],
  "tex_eye": "eye11.png",
  "tex_eye2": "eye3.png",
  "tex_eye3": "eye66.png",
  "tex_eye4": "eye04.png",
  "makeup_intensity_eye": 1.0,
  "makeup_eyelash_color": [
    0.4274509847164154,
    0.2666666805744171,
    0.21568627655506134,
    1.0
  ],
  "tex_eyelash": "eyelash03.png",
  "makeup_intensity_eyelash": 0.8500000238418579,
  "makeup_highlight_color": [
    0.0,
    0.0,
    0.0,
    0.0
  ],
  "tex_highlight": "mu_style_highlight_02_2.png",
  "makeup_intensity_highlight": 0.30000001192092896,
  "makeup_eyeLiner_color": [
    0.4745098054409027,
    0.30980393290519714,
    0.24313725531101227,
    1.0
  ],
  "tex_eyeLiner": "eyeLiner04.png",
  "makeup_intensity_eyeLiner": 0.800000011920929,
  "makeup_pupil_color": [
    0.0,
    0.0,
    0.0,
    0.0
  ],
  "tex_pupil": "eyepupil.png",
  "makeup_intensity_pupil": 0.550000011920929,
  "blend_type_tex_blusher": 0,
  "blend_type_tex_blusher2": 0,
  "makeup_blusher_color": [
    0.0,
    0.0,
    0.0,
    0.0
  ],
  "tex_blusher": "zhuangrong_sh.png",
  "makeup_intensity_blusher": 1.0,
  "makeup_eyeBrow_color": [
    0.5176470875740051,
    0.47843137383461,
    0.3803921639919281,
    1.0
  ],
  "tex_eyeBrow": "brow.png",
  "brow_warp": 0.0,
  "brow_warp_type": 6,
  "use_brow_v2": 1,
  "makeup_intensity_eyeBrow": 0.8999999761581421,
  "makeup_shadow_color": [
    0.7450980544090271,
    0.4745098054409027,
    0.4274509847164154,
    1.0
  ],
  "tex_shadow": "zhuangrong_yy.png",
  "makeup_intensity_shadow": 0.4000000059604645,
  "use_eye_v2": 1
}