{
  "blend_type_tex_blusher": 0,
  "blend_type_tex_blusher2": 0,
  "makeup_blusher_color": [
    0.8901960849761963,
    0.25882354378700259,
    0.27843138575553896,
    1.0
  ],
  "tex_blusher": "mu_style_blush_01.bundle",
  "makeup_intensity_blusher": 1.0,
  "makeup_brow_color": [
    0.27843138575553896,
    0.16078431904315949,
    0.0784313753247261,
    1.0
  ],
  "tex_brow": "mu_style_eyebrow_01.bundle",
  "brow_warp": 1.0,
  "brow_warp_type": 1,
  "makeup_intensity_eyeBrow": 0.20000000298023225,
  "makeup_eyeLash_color": [
    0.27843138575553896,
    0.16078431904315949,
    0.0784313753247261,
    1.0
  ],
  "tex_eyeLash": "mu_style_eyelash_01.bundle",
  "makeup_intensity_eyelash": 0.699999988079071,
  "makeup_eyeLiner_color": [
    0.27843138575553896,
    0.16078431904315949,
    0.0784313753247261,
    1.0
  ],
  "tex_eyeLiner": "mu_style_eyeliner_06.bundle",
  "makeup_intensity_eyeLiner": 0.699999988079071,
  "blend_type_tex_eye": 0,
  "blend_type_tex_eye2": 0,
  "blend_type_tex_eye3": 0,
  "blend_type_tex_eye4": 0,
  "makeup_eye_color": [
    1.0,
    0.7215686440467835,
    0.364705890417099,
    1.0
  ],
  "makeup_eye_color2": [
    0.929411768913269,
    0.45490196347236636,
    0.250980406999588,
    1.0
  ],
  "tex_eye": "mu_style_eyeshadow_02.bundle",
  "makeup_intensity_eye": 0.8999999761581421,
  "makeup_foundation_color": [
    0.9098039269447327,
    0.8078431487083435,
    0.7411764860153198,
    1.0
  ],
  "tex_foundation": "mu_style_foundation_01.bundle",
  "makeup_intensity_foundation": 1.0,
  "makeup_lip_color": [
    0.8392156958580017,
    0.25882354378700259,
    0.16078431904315949,
    1.0
  ],
  "lip_type": 0,
  "is_two_color": 0,
  "makeup_intensity_lip": 0.6000000238418579
}