{
  "blend_type_tex_blusher": 0,
  "blend_type_tex_blusher2": 0,
  "makeup_blusher_color": [
    1.0,
    0.38823530077934267,
    0.32156863808631899,
    1.0
  ],
  "tex_blusher": "mu_style_blush_03.bundle",
  "makeup_intensity_blusher": 1.0,
  "makeup_brow_color": [
    0.27843138575553896,
    0.16078431904315949,
    0.0784313753247261,
    1.0
  ],
  "tex_brow": "mu_style_eyebrow_01.bundle",
  "brow_warp": 1.0,
  "brow_warp_type": 3,
  "makeup_intensity_eyeBrow": 0.6000000238418579,
  "makeup_eyeLash_color": [
    0.27843138575553896,
    0.16078431904315949,
    0.0784313753247261,
    1.0
  ],
  "tex_eyeLash": "mu_style_eyelash_03.bundle",
  "makeup_intensity_eyelash": 0.6000000238418579,
  "makeup_eyeLiner_color": [
    0.27843138575553896,
    0.16078431904315949,
    0.0784313753247261,
    1.0
  ],
  "tex_eyeLiner": "mu_style_eyeliner_03.bundle",
  "makeup_intensity_eyeLiner": 0.6000000238418579,
  "blend_type_tex_eye": 0,
  "blend_type_tex_eye2": 0,
  "blend_type_tex_eye3": 0,
  "blend_type_tex_eye4": 0,
  "makeup_eye_color": [
    0.886274516582489,
    0.6078431606292725,
    0.40784314274787905,
    1.0
  ],
  "makeup_eye_color2": [
    0.8627451062202454,
    0.26274511218070986,
    0.07450980693101883,
    1.0
  ],
  "tex_eye": "mu_style_eyeshadow_03.bundle",
  "makeup_intensity_eye": 0.699999988079071,
  "makeup_foundation_color": [
    0.800000011920929,
    0.7411764860153198,
    0.6509804129600525,
    1.0
  ],
  "tex_foundation": "mu_style_foundation_01.bundle",
  "makeup_intensity_foundation": 1.0,
  "makeup_highlight_color": [
    0.9882352948188782,
    0.9803921580314636,
    0.9490196108818054,
    1.0
  ],
  "tex_highlight": "mu_style_highlight_01.bundle",
  "makeup_intensity_highlight": 1.0,
  "makeup_lip_color": [
    0.8117647171020508,
    0.30980393290519717,
    0.21960784494876862,
    1.0
  ],
  "lip_type": 0,
  "is_two_color": 0,
  "makeup_intensity_lip": 0.699999988079071
}