{
  "blend_type_tex_blusher": 0,
  "blend_type_tex_blusher2": 0,
  "makeup_blusher_color": [
    0.9607843160629273,
    0.43921568989753725,
    0.41960784792900088,
    1.0
  ],
  "tex_blusher": "mu_style_blush_02.bundle",
  "makeup_intensity_blusher": 1.0,
  "makeup_brow_color": [
    0.27843138575553896,
    0.16078431904315949,
    0.12941177189350129,
    1.0
  ],
  "tex_brow": "mu_style_eyebrow_01.bundle",
  "brow_warp": 1.0,
  "brow_warp_type": 2,
  "makeup_intensity_eyeBrow": 0.4000000059604645,
  "makeup_eyeLash_color": [
    0.27843138575553896,
    0.16078431904315949,
    0.12941177189350129,
    1.0
  ],
  "tex_eyeLash": "mu_style_eyelash_04.bundle",
  "makeup_intensity_eyelash": 0.699999988079071,
  "makeup_eyeLiner_color": [
    0.27843138575553896,
    0.16078431904315949,
    0.12941177189350129,
    1.0
  ],
  "tex_eyeLiner": "mu_style_eyeliner_01.bundle",
  "makeup_intensity_eyeLiner": 0.6000000238418579,
  "blend_type_tex_eye": 0,
  "blend_type_tex_eye2": 0,
  "blend_type_tex_eye3": 1,
  "blend_type_tex_eye4": 0,
  "makeup_eye_color": [
    0.8784313797950745,
    0.32156863808631899,
    0.32156863808631899,
    1.0
  ],
  "makeup_eye_color2": [
    0.6901960968971252,
    0.250980406999588,
    0.250980406999588,
    1.0
  ],
  "makeup_eye_color3": [
    0.9803921580314636,
    0.800000011920929,
    0.7607843279838562,
    1.0
  ],
  "tex_eye": "mu_style_eyeshadow_06.bundle",
  "makeup_intensity_eye": 0.8999999761581421,
  "makeup_foundation_color": [
    0.8196078538894653,
    0.7098039388656616,
    0.6196078658103943,
    1.0
  ],
  "tex_foundation": "mu_style_foundation_01.bundle",
  "makeup_intensity_foundation": 1.0,
  "makeup_highlight_color": [
    0.0,
    0.0,
    0.0,
    0.0
  ],
  "tex_highlight": "mu_style_highlight_02.bundle",
  "makeup_intensity_highlight": 1.0,
  "makeup_shadow_color": [
    0.0,
    0.0,
    0.0,
    0.0
  ],
  "tex_shadow": "mu_style_contour_01.bundle",
  "makeup_intensity_shadow": 1.0,
  "makeup_lip_color": [
    0.6000000238418579,
    0.16078431904315949,
    0.16078431904315949,
    1.0
  ],
  "lip_type": 0,
  "is_two_color": 0,
  "makeup_intensity_lip": 0.800000011920929
}